k,real_fp,imag_fp,real_f,imag_f,mag,phase
0,2359296,0,36.000000,0.000000,36.000000,0.00
1,-262144,632872,-4.000000,9.656855,10.452504,112.50
2,-262144,262144,-4.000000,4.000000,5.656854,135.00
3,-262144,108584,-4.000000,1.656854,4.329569,157.50
4,-262144,0,-4.000000,0.000000,4.000000,180.00
5,-262144,-108584,-4.000000,-1.656854,4.329569,-157.50
6,-262144,-262144,-4.000000,-4.000000,5.656854,-135.00
7,-262144,-632872,-4.000000,-9.656855,10.452504,-112.50
